{
    "H": {
        "id": "Direct_MN",
        "parameters": {
            "n": [
                3,
                3
            ]
        },
        "model": {
            "id": "Graphene_s",
            "parameters": {
                "V0": 0,
                "t0": 1,
                "a": 1
            }
        }
    },
    "sym": [
        "Γ",
        "K",
        "M",
        "Γ"
    ],
    "N": [
        8,
        8
    ],
    "discrete": true,
    "computer": {
        "id": "ShotSimulator",
        "parameters": {
            "shots": 8096
        }
    },
    "optimizer": {
        "id": "COBYLA",
        "parameters": {
            "maxiter": 1000,
            "rhobeg": 1.0,
            "tol": 1e-05,
            "catol": 0.0002
        }
    },
    "num_points": 8,
    "i": 8,
    "l": 0,
    "E": [
        [
            -2.98150321146245,
            2.9907052865612647
        ],
        [
            -2.4235733695652173,
            2.39751111660079
        ],
        [
            -1.0135560770750986,
            1.0027791501976284
        ],
        [
            -0.4055706521739131,
            0.4358633893280633
        ],
        [
            -0.9945960968379447,
            0.9970664525691699
        ],
        [
            -1.4442934782608696,
            1.4702013339920947
        ],
        [
            -2.2206645256917,
            2.2196763833992095
        ],
        [
            -2.776556324110672,
            2.7573801877470343
        ]
    ],
    "nfev": [
        [
            36,
            1
        ],
        [
            31,
            1
        ],
        [
            35,
            1
        ],
        [
            29,
            1
        ],
        [
            30,
            1
        ],
        [
            40,
            1
        ],
        [
            37,
            1
        ],
        [
            34,
            1
        ]
    ],
    "angles": [
        {
            "θ.0.0": 0.8053739134755558,
            "φ.0.0": -0.007761710732386519
        },
        {
            "θ.0.0": 0.808954288503969,
            "φ.0.0": 0.05510105850497892
        },
        {
            "θ.0.0": 0.8199810563447147,
            "φ.0.0": -0.03356092469023217
        },
        {
            "θ.0.0": 0.8199863779900755,
            "φ.0.0": 0.966447541719317
        },
        {
            "θ.0.0": 0.8265952905216593,
            "φ.0.0": 1.0286071900994767
        },
        {
            "θ.0.0": 0.8028494425374723,
            "φ.0.0": 0.2217911110319887
        },
        {
            "θ.0.0": 0.7970335925873465,
            "φ.0.0": 0.17487083745550527
        },
        {
            "θ.0.0": 0.7746105108228633,
            "φ.0.0": 0.1583330848095012
        }
    ]
}